Assignment_3/6640106/group7/images/9.jpg,A woman marches with a pair of dogs .
Assignment_3/6640106/group7/images/0.jpg,A group of bikers pedal along .
Assignment_3/6640106/group7/images/2.jpg,A man with no shirt is standing in a parade wearing a plastic flower necklace .
Assignment_3/6640106/group7/images/6.jpg,The man in the red shirt is climbing the side of a mountain .
Assignment_3/6640106/group7/images/1.jpg,a man wearing black rides a unicycle .
Assignment_3/6640106/group7/images/3.jpg,A black dog running on the beach near the shore .
Assignment_3/6640106/group7/images/5.jpg,A young girl jumping over a railing or a ladder on its side .
Assignment_3/6640106/group7/images/7.jpg,A harnessed dog leaps over a log as another dog follows behind .
Assignment_3/6640106/group7/images/6.jpg,The couple takes a hike along the bluff .
Assignment_3/6640106/group7/images/4.jpg,a boy holding a soda can in a waterfall
Assignment_3/6640106/group21/images/2.jpg,Girl walking in field with yellow flowers
Assignment_3/6640106/group21/images/0.jpg,A warmly dressed boy pretending an icicle is a gun .
Assignment_3/6640106/group21/images/7.jpg,A tan dog runs through the snow .
Assignment_3/6640106/group21/images/5.jpg,A woman in a marching band uniform holding out her arms to another woman .
Assignment_3/6640106/group21/images/8.jpg,The woman in the purple dress is looking towards the people at the door with her hand running through her hair .
Assignment_3/6640106/group21/images/9.jpg,A dog jumps over a red and blue hurdle .
Assignment_3/6640106/group21/images/6.jpg,Two people are on a snow-covered mountain .
Assignment_3/6640106/group21/images/4.jpg,A man standing in front of two ads prepares to throw something across a field .
Assignment_3/6640106/group21/images/1.jpg,Little boy sitting in a green tunnel with a smile on his face .
Assignment_3/6640106/group21/images/3.jpg,A game of hockey is being played .
Assignment_3/6640106/group44/images/0.jpg,A person stands on a hill surrounded by blue skies and clouds .
Assignment_3/6640106/group44/images/3.jpg,A man is sliding down a huge sand dune on a sunny day .
Assignment_3/6640106/group44/images/4.jpg,Elderly man in wheelchair begging for handout
Assignment_3/6640106/group44/images/8.jpg,A red dog jumps an catches a tennis ball in its mouth .
Assignment_3/6640106/group44/images/5.jpg,A fast running Greyhound during a race .
Assignment_3/6640106/group44/images/9.jpg,Two athletic girls in PUMA outfits hugging each other .
Assignment_3/6640106/group44/images/1.jpg,One person with a pink and black striped shirt and white shorts walking up a hill .
Assignment_3/6640106/group44/images/6.jpg,Two young children play with colored balls .
Assignment_3/6640106/group44/images/7.jpg,Five dogs are on a track racing each other .
Assignment_3/6640106/group44/images/2.jpg,Woman and man walking across wooden rope bridge with a caution sign beside it .
Assignment_3/6640106/group3/images/5.jpg,Young boy swinging on a tire swing .
Assignment_3/6640106/group3/images/7.jpg,The dog tries to bite the water coming out of the sprinkler .
Assignment_3/6640106/group3/images/3.jpg,Four dogs running in the snow
Assignment_3/6640106/group3/images/2.jpg,Two teenage girls are wearing fancy dresses at an event .
Assignment_3/6640106/group3/images/4.jpg,A little girl is riding on the front of a shopping cart in a store .
Assignment_3/6640106/group3/images/9.jpg,Six women in pink silk dresses stand in a line with their backs to the camera .
Assignment_3/6640106/group3/images/8.jpg,A woman with a blue Mohawk holding the hand of a little boy with a green striped shirt on a street corner .
Assignment_3/6640106/group3/images/1.jpg,Man holds three burning sticks while standing near a playground .
Assignment_3/6640106/group3/images/5.jpg,A lady is running her dog through an agility course .
Assignment_3/6640106/group3/images/6.jpg,a brown and white dog has is mouth open ready to catch a green ball .
Assignment_3/6640106/group23/images/1.jpg,a blond boy wiping his nose on his blue shirt
Assignment_3/6640106/group23/images/2.jpg,a muzzled greyhound wearing the number five is running on a dog track .
Assignment_3/6640106/group23/images/3.jpg,Some young men stand holding a railing with a lot of other people .
Assignment_3/6640106/group23/images/8.jpg,A person in a black and green outfit is riding a bicycle .
Assignment_3/6640106/group23/images/6.jpg,A brown dog splashes in the water .
Assignment_3/6640106/group23/images/0.jpg,Two dogs chase another dog that has a ball .
Assignment_3/6640106/group23/images/4.jpg,A little girl in a hat climbing a kiddie wall .
Assignment_3/6640106/group23/images/9.jpg,An elderly woman collects recyclable trash .
Assignment_3/6640106/group23/images/5.jpg,a person standing in the middle of a bunch of snowy rocks near a waterhole .
Assignment_3/6640106/group23/images/7.jpg,a bird lands in the water .
Assignment_3/6640106/group17/images/4.jpg,A dog running through the woods .
Assignment_3/6640106/group17/images/7.jpg,A person in purple shorts riding a bike up a mountain .
Assignment_3/6640106/group17/images/0.jpg,Small boy sleeping on seats and sucking his thumb .
Assignment_3/6640106/group17/images/2.jpg,A shirtless child dances with an adult man .
Assignment_3/6640106/group17/images/5.jpg,a young long girl climbing through a tunnel .
Assignment_3/6640106/group17/images/9.jpg,A man is engulfed in flames while two movie crewmen supervise .
Assignment_3/6640106/group17/images/6.jpg,"Boy skateboarding on residential street , falling farward with hands on the ground ."
Assignment_3/6640106/group17/images/8.jpg,A young girl sits in a high chair and eats red food while making a mess .
Assignment_3/6640106/group17/images/1.jpg,This is a picture of a Broadway Rite Aid Pharmacy that has a bright neon sign and people are prepared to cross the street in front of it .
Assignment_3/6640106/group17/images/3.jpg,"Two men , a woman , and two young boys stand in front of a large gathering of people outside a building ."
Assignment_3/6640106/group16/images/4.jpg,A little girl in a white shirt has been playing with paint and covered herself and her room .
Assignment_3/6640106/group16/images/9.jpg,A woman wearing a yellow coat is skiing in the white snow .
Assignment_3/6640106/group16/images/7.jpg,A girl in a polka dot dress singing into a microphone .
Assignment_3/6640106/group16/images/2.jpg,A small child is playing with hula-hoops in a yard of a neighborhood .
Assignment_3/6640106/group16/images/5.jpg,A man in summer clothing skiing on thin snow .
Assignment_3/6640106/group16/images/1.jpg,a brown dog jumping through the air in a grassy yard .
Assignment_3/6640106/group16/images/6.jpg,A man surfs on a yellow board .
Assignment_3/6640106/group16/images/8.jpg,a boy rides a toy horse .
Assignment_3/6640106/group16/images/0.jpg,A black and gray cat stands on a contracption while two big dogs stare at it .
Assignment_3/6640106/group16/images/3.jpg,A boy standing on a beach .
Assignment_3/6640106/group39/images/5.jpg,Three men play ball in a field .
Assignment_3/6640106/group39/images/0.jpg,A man sits by a dock looking at the water .
Assignment_3/6640106/group39/images/8.jpg,Little boy in a striped shirt and brown shorts is running .
Assignment_3/6640106/group39/images/1.jpg,A man who is resting his head on his hand .
Assignment_3/6640106/group39/images/9.jpg,A lack dog and a brown and white dog run on a gravel surface with something red underfoot .
Assignment_3/6640106/group39/images/3.jpg,Person rides a dirt bike down a dirt hill .
Assignment_3/6640106/group39/images/7.jpg,A little girl in a blue swimsuit is walking along a wooden fence next to a sandy beach .
Assignment_3/6640106/group39/images/2.jpg,Black dog sitting while eating with neon yellow band around shoulders .
Assignment_3/6640106/group39/images/5.jpg,A woman and child are holding hands walking up a grassy hill on a fair day .
Assignment_3/6640106/group39/images/4.jpg,"A dog flies through the air , preparing to catch a ball ."
Assignment_3/6640106/group0/images/4.jpg,Two black dogs are playing tug-of-war with an orange toy .
Assignment_3/6640106/group0/images/4.jpg,Two dogs playing with a ball .
Assignment_3/6640106/group0/images/1.jpg,a man in a wetsuit is surfing
Assignment_3/6640106/group0/images/7.jpg,Two black dogs are bearing their teeth beside a white couch .
Assignment_3/6640106/group0/images/2.jpg,"Two girls swing on with a boy , all three are wearing blue shirts of the same shade and blue jeans ."
Assignment_3/6640106/group0/images/6.jpg,A girl dressed in a red polka dot dress holds an adults hand while out walking .
Assignment_3/6640106/group0/images/5.jpg,A man is playing the guitar for a child in a hospital bed
Assignment_3/6640106/group0/images/3.jpg,A person hanging from a rocky cliff .
Assignment_3/6640106/group0/images/0.jpg,A man is a black ninja suit with a mask is playing a guitar .
Assignment_3/6640106/group0/images/9.jpg,Two large black dogs are playing in a grassy field .
Assignment_3/6640106/group12/images/3.jpg,Three boys sit down and make gestures with their hands .
Assignment_3/6640106/group12/images/7.jpg,A man watching something that other people are doing .
Assignment_3/6640106/group12/images/0.jpg,Three girls do back flips and cartwheels in the surf .
Assignment_3/6640106/group12/images/1.jpg,A white dog and a brown dog running across a grassy field .
Assignment_3/6640106/group12/images/9.jpg,A young woman with a green hat is walking in the busy street .
Assignment_3/6640106/group12/images/6.jpg,a woman at a desk signing paperwork in front of another
Assignment_3/6640106/group12/images/8.jpg,An attractive woman holds a halo above her head .
Assignment_3/6640106/group12/images/5.jpg,A toddler in a red jacket and jeans pulling another toddler wearing a green hat and jacket and red paints in a red wagon .
Assignment_3/6640106/group12/images/4.jpg,A little girl in a dress playing with a soccer ball .
Assignment_3/6640106/group12/images/2.jpg,A skateboarder flies off the stairs .
Assignment_3/6640106/group41/images/4.jpg,some football players in red jerseys taking another in a white jersey to the ground
Assignment_3/6640106/group41/images/2.jpg,A man wearing blue climbs a steep cliff .
Assignment_3/6640106/group41/images/1.jpg,A person wearing a hat sits on the grass with a mountain behind him .
Assignment_3/6640106/group41/images/3.jpg,Three pole wait for a bus outside a building .
Assignment_3/6640106/group41/images/7.jpg,A little boy with brown curly hair is blowing bubbles with a wand held by a girl .
Assignment_3/6640106/group41/images/6.jpg,A group of girls and two are pulling on some type of yarn item in a girls bag .
Assignment_3/6640106/group41/images/5.jpg,Two dogs with black and white markings running with their mouths open .
Assignment_3/6640106/group41/images/9.jpg,A climber hanging from an ice pick in the side of a frozen waterfall .
Assignment_3/6640106/group41/images/8.jpg,A woman looking upward with her hand above her head .
Assignment_3/6640106/group41/images/2.jpg,There is an oriental man climbing up a mountain .
Assignment_3/6640106/group15/images/4.jpg,A man uses ice picks and crampons to scale ice .
Assignment_3/6640106/group15/images/1.jpg,Two girls are in a sack race .
Assignment_3/6640106/group15/images/2.jpg,a man and a woman posing for a picture
Assignment_3/6640106/group15/images/3.jpg,Dogs racing on a track
Assignment_3/6640106/group15/images/2.jpg,A man wearing black dances with a young girl wearing a pink shirt .
Assignment_3/6640106/group15/images/7.jpg,A young child is being taught to swim in a pool .
Assignment_3/6640106/group15/images/8.jpg,A woman prepares to throw a stick to a leaping dog .
Assignment_3/6640106/group15/images/9.jpg,A person is standing near a row of identical red and white bicycles .
Assignment_3/6640106/group15/images/6.jpg,"A dog with floppy ears runs on the grass , a fence behind it ."
Assignment_3/6640106/group15/images/5.jpg,A boy gives being in the snow two thumbs up .
Assignment_3/6640106/group18/images/4.jpg,A white dog emerges from a yellow tube on an obstacle course .
Assignment_3/6640106/group18/images/9.jpg,A man cutting up some food on a yellow board .
Assignment_3/6640106/group18/images/6.jpg,"A grey dog chases a bunch of crows , a river in the background ."
Assignment_3/6640106/group18/images/4.jpg,A white greyhound dog is wearing a red jacket with the number one printed on it .
Assignment_3/6640106/group18/images/2.jpg,A lady standing outside a street with a red purse and scarf on .
Assignment_3/6640106/group18/images/3.jpg,Man in punkish outfit rides unusual bike on city sidewalk .
Assignment_3/6640106/group18/images/5.jpg,A black Mitsubishi is driving through a muddy puddle and spraying water .
Assignment_3/6640106/group18/images/0.jpg,A dog with red fur stands in a body of water .
Assignment_3/6640106/group18/images/1.jpg,Little girls who are dressed up play in the falling autumn leaves .
Assignment_3/6640106/group18/images/8.jpg,Three guys and two girls are watching something and getting excited .
Assignment_3/6640106/group2/images/4.jpg,A crowd of foreigners stand .
Assignment_3/6640106/group2/images/0.jpg,A man in a sweatshirt and blue jeans is taking a nap on a bench .
Assignment_3/6640106/group2/images/9.jpg,two fielder are defending the base as a member of the batting team slide towards it .
Assignment_3/6640106/group2/images/6.jpg,A group of dogs in water playing with toys and balls .
Assignment_3/6640106/group2/images/8.jpg,A woman lays down with a camera and a man leans back on her taking the picture .
Assignment_3/6640106/group2/images/5.jpg,Two soccer opponents run and fight for the soocerball on a grassy field .
Assignment_3/6640106/group2/images/1.jpg,A dog chases a ball through dirt .
Assignment_3/6640106/group2/images/7.jpg,A young boy at a water park pouring a bucket water on a young girl in a swimsuit .
Assignment_3/6640106/group2/images/2.jpg,A young girl posing for a man to take a photograph near a parking lot .
Assignment_3/6640106/group2/images/3.jpg,A man is waiting in a public area while people pass behind him .
Assignment_3/6640106/group38/images/5.jpg,A man with a bushy beard and a baseball cap sits on a park bench .
Assignment_3/6640106/group38/images/3.jpg,A girl wearing a headband is carrying a pink sign on the street .
Assignment_3/6640106/group38/images/7.jpg,A man with brown hair is wearing a button up shirt .
Assignment_3/6640106/group38/images/2.jpg,A woman and children navigate the balcony of an amusement ride .
Assignment_3/6640106/group38/images/4.jpg,A woman and a dog playing outside
Assignment_3/6640106/group38/images/0.jpg,A female tennis player readies herself .
Assignment_3/6640106/group38/images/6.jpg,The little white and brown dog is swimming in a pool .
Assignment_3/6640106/group38/images/8.jpg,a person doing the backstroke in a swimming pool
Assignment_3/6640106/group38/images/1.jpg,An adult and a child fly a kite together .
Assignment_3/6640106/group38/images/9.jpg,two men on bicycles on the side of a snowpacked road in the country
Assignment_3/6640106/group20/images/0.jpg,Young boy in a brown shirt doing a back flip
Assignment_3/6640106/group20/images/8.jpg,A dog coming out of a large yellow tube .
Assignment_3/6640106/group20/images/5.jpg,a small boy wearing a blue shirt pulling an item from a magicians hat .
Assignment_3/6640106/group20/images/9.jpg,A brown dog holding a foam bat aiming for a ball .
Assignment_3/6640106/group20/images/6.jpg,A man with a Mohawk is holding a cup .
Assignment_3/6640106/group20/images/4.jpg,Two skiing people jumping a ramp and a man looking straight ahead .
Assignment_3/6640106/group20/images/7.jpg,A black dog is jumping up to catch a purple and green toy .
Assignment_3/6640106/group20/images/1.jpg,A man poses in front of a run down house
Assignment_3/6640106/group20/images/2.jpg,Girls play field hockey .
Assignment_3/6640106/group20/images/3.jpg,A surfer rides the waves .
Assignment_3/6640106/group32/images/9.jpg,"Two children , a boy and a girl ."
Assignment_3/6640106/group32/images/3.jpg,A basketball player attempts a layup in a gymnasium .
Assignment_3/6640106/group32/images/0.jpg,An eagle is coming in for a landing on the beach .
Assignment_3/6640106/group32/images/2.jpg,"A woman with silver pants and pink bellbottoms , and a pink scarf riding her bike by a fence , with buildings in the background ."
Assignment_3/6640106/group32/images/5.jpg,A yellow motorcycle and rider take a turn .
Assignment_3/6640106/group32/images/4.jpg,People stand and talk .
Assignment_3/6640106/group32/images/6.jpg,"Boy skating on skateboard , photographed from low angle ."
Assignment_3/6640106/group32/images/8.jpg,Woman with a brown paper bag on a bus .
Assignment_3/6640106/group32/images/1.jpg,A man in midair doing a flip .
Assignment_3/6640106/group32/images/7.jpg,Three men on mountain bikes go over a sand hill .
Assignment_3/6640106/group28/images/7.jpg,A person is falling off their surfboard .
Assignment_3/6640106/group28/images/3.jpg,A man bicycles down the street and points his finger
Assignment_3/6640106/group28/images/1.jpg,A basketball player in white leaps up at the net .
Assignment_3/6640106/group28/images/8.jpg,A surfer is falling into a big ocean wave
Assignment_3/6640106/group28/images/4.jpg,The girl with a red coat is walking across the grass .
Assignment_3/6640106/group28/images/2.jpg,Two people are playing ice hockey .
Assignment_3/6640106/group28/images/0.jpg,"A child wearing a red top and shorts , hangs upside down from a tree branch ."
Assignment_3/6640106/group28/images/1.jpg,A group of woman hold each other up to catch a ball .
Assignment_3/6640106/group28/images/6.jpg,A man holding a pool stick talking to a woman in a pool hall
Assignment_3/6640106/group28/images/5.jpg,three little girls run on a soccer field .
Assignment_3/6640106/group36/images/0.jpg,A view from the top of a skateboarder at the top of a ramp .
Assignment_3/6640106/group36/images/3.jpg,A child in a jean jacket smiles while playing in a tree .
Assignment_3/6640106/group36/images/5.jpg,A dog runs out of a tunnel on a course .
Assignment_3/6640106/group36/images/4.jpg,"Pleople at a party , their backs to the camera ."
Assignment_3/6640106/group36/images/1.jpg,Looking through a vehicle 's windshield at a dog crossing the road .
Assignment_3/6640106/group36/images/2.jpg,Person walking in the field .
Assignment_3/6640106/group36/images/7.jpg,A young boy jumps in a swimming pool towards a bald man in the water .
Assignment_3/6640106/group36/images/8.jpg,A girl in a hat hangs from ropes in the woods .
Assignment_3/6640106/group36/images/9.jpg,A surfer in a blue swimsuit is riding the waves .
Assignment_3/6640106/group36/images/6.jpg,Man riding bike in forest
Assignment_3/6640106/group49/images/5.jpg,A boy peeks his head through a painted picture .
Assignment_3/6640106/group49/images/9.jpg,A girl is blindfolded by a young boy and girl .
Assignment_3/6640106/group49/images/0.jpg,kid eating pasta
Assignment_3/6640106/group49/images/7.jpg,A white dog is standing by a river shaking himself dry .
Assignment_3/6640106/group49/images/8.jpg,Two dogs chasing each other in the grass
Assignment_3/6640106/group49/images/7.jpg,A black and brown dog walks in the shallows of a large body of water .
Assignment_3/6640106/group49/images/3.jpg,Two dogs wrestle in the ground .
Assignment_3/6640106/group49/images/1.jpg,four women rollerblade .
Assignment_3/6640106/group49/images/2.jpg,A black dog sits in sand .
Assignment_3/6640106/group49/images/6.jpg,A boy is surfing in the ocean .
Assignment_3/6640106/group47/images/3.jpg,a child in red sits in the snow .
Assignment_3/6640106/group47/images/7.jpg,Two young women are leaning up against a wooden wall .
Assignment_3/6640106/group47/images/4.jpg,There is a snowboarder doing tricks in a half pipe .
Assignment_3/6640106/group47/images/9.jpg,Three dogs are running on the grass .
Assignment_3/6640106/group47/images/8.jpg,a large graffitied skateboarding ramp with a couple people in the background
Assignment_3/6640106/group47/images/5.jpg,A young boy listens to music through headphones in front of a kitchen .
Assignment_3/6640106/group47/images/6.jpg,A brown dog takes cautious steps in the calm waters with a sandy bottom .
Assignment_3/6640106/group47/images/2.jpg,"A girl poses on a rusty fire escape ladder in hot pink gloves , skirt and heels ."
Assignment_3/6640106/group47/images/0.jpg,A person on a motorcyle does a stunt in the air .
Assignment_3/6640106/group47/images/1.jpg,A dog running along a fence on a dirt track .
Assignment_3/6640106/group30/images/9.jpg,A crowded stadium is full of people watching an event .
Assignment_3/6640106/group30/images/8.jpg,One dog jumps up to catch a ball as another dog runs towards it .
Assignment_3/6640106/group30/images/6.jpg,A man sits behind two cardboard canvasses .
Assignment_3/6640106/group30/images/0.jpg,A man is skiing down a snowy hill with a large mountain in the background .
Assignment_3/6640106/group30/images/1.jpg,Man surfing under the Golden Gate Bridge on a foggy day .
Assignment_3/6640106/group30/images/5.jpg,A person is swimming in crystal clear ocean water while his or her boat is anchored in the background .
Assignment_3/6640106/group30/images/3.jpg,A dog is standing on its hind legs with its paws outstretched whilst carrying a red object in its mouth .
Assignment_3/6640106/group30/images/7.jpg,Two suited fencers pointing their swords at each other .
Assignment_3/6640106/group30/images/9.jpg,Lots of people gathering in a line .
Assignment_3/6640106/group30/images/2.jpg,The dog is running in the surf .
Assignment_3/6640106/group8/images/7.jpg,A small child is holding a basket of brightly colored Easter eggs and is picking up a pink one from the grass .
Assignment_3/6640106/group8/images/1.jpg,A person surfing .
Assignment_3/6640106/group8/images/6.jpg,A man is sitting at a table full of military items and clothing .
Assignment_3/6640106/group8/images/4.jpg,Black and White Dog runs across a lawn while drooling .
Assignment_3/6640106/group8/images/5.jpg,An orange and white motorcycle is being ridden on a racetrack .
Assignment_3/6640106/group8/images/9.jpg,A dog climbing a steep dirt hill .
Assignment_3/6640106/group8/images/0.jpg,Two white dogs are laying in the doorway of a wooden floored apartment .
Assignment_3/6640106/group8/images/3.jpg,A man waterskis .
Assignment_3/6640106/group8/images/8.jpg,The boys are watching a bicycle stunt .
Assignment_3/6640106/group8/images/4.jpg,A black dog runs on green grass towards the camera .
Assignment_3/6640106/group35/images/4.jpg,Two people standing in the snow
Assignment_3/6640106/group35/images/0.jpg,a snowboarder in an orange jacket is airborne on a snowboard .
Assignment_3/6640106/group35/images/9.jpg,A boy wearing red swim trunks is swinging from a rope into the water .
Assignment_3/6640106/group35/images/5.jpg,A man in a white robe stands and talks to people who are sitting .
Assignment_3/6640106/group35/images/3.jpg,The two reptiles are standing on their back legs near deep water .
Assignment_3/6640106/group35/images/1.jpg,A person on the grass is throwing a rope in the air .
Assignment_3/6640106/group35/images/2.jpg,"A bunch of people rowing a canoe , with a boat full of people in the background ."
Assignment_3/6640106/group35/images/6.jpg,A person in winter gear is riding a bike near an intersection .
Assignment_3/6640106/group35/images/0.jpg,A person wearing a helmet and red and silver jumpsuit is kneeling on a skateboard .
Assignment_3/6640106/group35/images/7.jpg,A man and a woman are sitting at a small metal table .
Assignment_3/6640106/group19/images/9.jpg,A man sitting in a chair smoking a cigarette .
Assignment_3/6640106/group19/images/0.jpg,Women walking down the street .
Assignment_3/6640106/group19/images/6.jpg,A tan dog wearing a red shirt runs through the grass .
Assignment_3/6640106/group19/images/5.jpg,A little girl is bouncing on a colorful inflatable gym .
Assignment_3/6640106/group19/images/7.jpg,A dog walking on mud flats .
Assignment_3/6640106/group19/images/3.jpg,A woman in a fur hat and fur coat stands outside a building .
Assignment_3/6640106/group19/images/4.jpg,"Two men playing soccer , one sliding one running towards the ball ."
Assignment_3/6640106/group19/images/8.jpg,A male wearing a blue shirt is holding a cup in hand while staring at the camera .
Assignment_3/6640106/group19/images/2.jpg,A man on a cliff .
Assignment_3/6640106/group19/images/1.jpg,Two dogs running on wet sand .
Assignment_3/6640106/group43/images/6.jpg,People in a brown boat float down the street of a city built on water .
Assignment_3/6640106/group43/images/5.jpg,A man takes a picture of another man in an open area just off of a busy street .
Assignment_3/6640106/group43/images/1.jpg,The black and white dog jumps by a log near a creek .
Assignment_3/6640106/group43/images/7.jpg,"A white , curly haired dog is wearing a harness and watching another black and brown dog in the water ."
Assignment_3/6640106/group43/images/2.jpg,"Two dogs , one holding something in its mouth , in the snow ."
Assignment_3/6640106/group43/images/8.jpg,A man drinking and reading the paper .
Assignment_3/6640106/group43/images/3.jpg,Baseball player holding a bat .
Assignment_3/6640106/group43/images/4.jpg,Two children peer over a rusty ledge .
Assignment_3/6640106/group43/images/9.jpg,A black and white dog is jumping in the grass .
Assignment_3/6640106/group43/images/0.jpg,A toddler is sitting down .
Assignment_3/6640106/group9/images/4.jpg,The skier is wearing a yellow jumpsuit and sliding across a yellow rail .
Assignment_3/6640106/group9/images/5.jpg,A dog is in the paddling pool playing with a ball .
Assignment_3/6640106/group9/images/0.jpg,A woman with a paddle sits in a boat on the water .
Assignment_3/6640106/group9/images/1.jpg,A coach for a game listens to his headphones and watches the game .
Assignment_3/6640106/group9/images/8.jpg,A little girl rides a tricycle .
Assignment_3/6640106/group9/images/6.jpg,a man and a woman posing for a picture .
Assignment_3/6640106/group9/images/3.jpg,"A white dog runs along a path , trailing a leash ."
Assignment_3/6640106/group9/images/2.jpg,The boy laughed as he swam in the pool .
Assignment_3/6640106/group9/images/7.jpg,A pitcher and catcher celebrate striking another baseball player out in a pro game .
Assignment_3/6640106/group9/images/9.jpg,The bird that is flying has a very long beak .
Assignment_3/6640106/group33/images/2.jpg,A brown dog runs through a field .
Assignment_3/6640106/group33/images/3.jpg,A young child runs along a beach as birds fly among him .
Assignment_3/6640106/group33/images/7.jpg,Two women dressed as geishas .
Assignment_3/6640106/group33/images/5.jpg,A room full of worshippers bows toward an extravagant display in the center of the crowd .
Assignment_3/6640106/group33/images/0.jpg,A small boy on a blue scooter in an urban setting is pointing a finger at the viewer .
Assignment_3/6640106/group33/images/4.jpg,Baseball player throwing the baseball .
Assignment_3/6640106/group33/images/9.jpg,Fluffy white dog running on pebbles along the shore .
Assignment_3/6640106/group33/images/6.jpg,A backpacker in the mountains wearing an american flag .
Assignment_3/6640106/group33/images/1.jpg,Three people with political signs .
Assignment_3/6640106/group33/images/8.jpg,A child is walking from one picnic table to another .
Assignment_3/6640106/group10/images/4.jpg,A man with a bow-tie made out of a dollar and wearing glasses is looking into the camera .
Assignment_3/6640106/group10/images/7.jpg,A basketball team of 8 girls is doing a hand huddle .
Assignment_3/6640106/group10/images/0.jpg,A brown dog with a silver collar runs through shallow water .
Assignment_3/6640106/group10/images/6.jpg,Tan dog chasing a ball .
Assignment_3/6640106/group10/images/2.jpg,Many people stand near a fruit vendor on a street .
Assignment_3/6640106/group10/images/9.jpg,A black and white dog runs with its mouth open .
Assignment_3/6640106/group10/images/3.jpg,A clown shares cut-out pictures of children .
Assignment_3/6640106/group10/images/5.jpg,Two men are playing basketball
Assignment_3/6640106/group10/images/1.jpg,A black and white dog jumping over an obstacle .
Assignment_3/6640106/group10/images/3.jpg,A woman wearing an orange dress makes a face while riding above the fair .
Assignment_3/6640106/group25/images/4.jpg,The man in the black hat is sitting on the floor beside the green door .
Assignment_3/6640106/group25/images/9.jpg,A group of children stand outside in front of two large tires .
Assignment_3/6640106/group25/images/8.jpg,"Child with pink strings on head dancing surrounded by confetti , balloons ."
Assignment_3/6640106/group25/images/7.jpg,Two brown dogs are playing with a green toy on grass .
Assignment_3/6640106/group25/images/2.jpg,A woman signs paperwork at an event .
Assignment_3/6640106/group25/images/0.jpg,A black and brown dog standing on a beam above water .
Assignment_3/6640106/group25/images/5.jpg,The boy dribbles the ball in the playground .
Assignment_3/6640106/group25/images/6.jpg,A girl in a dress walks while a family stands in the background .
Assignment_3/6640106/group25/images/3.jpg,A boy dives into a pool near a water slide .
Assignment_3/6640106/group25/images/1.jpg,a man wearing a black outfit holding on to a glowing sword .
Assignment_3/6640106/group22/images/8.jpg,Three boys riding on the back of a truck .
Assignment_3/6640106/group22/images/6.jpg,A man in a white shirt holding both hands out .
Assignment_3/6640106/group22/images/4.jpg,A person wearing a yellow shirt stands between two waterfalls .
Assignment_3/6640106/group22/images/1.jpg,A black dog is swimming through the water .
Assignment_3/6640106/group22/images/7.jpg,A woman puts a harness on her small brown dog while in the snow .
Assignment_3/6640106/group22/images/5.jpg,A shirtless man is climbing up a mountainside .
Assignment_3/6640106/group22/images/3.jpg,"Two dogs , one holding a ball ."
Assignment_3/6640106/group22/images/9.jpg,A person kayaking in the ocean .
Assignment_3/6640106/group22/images/2.jpg,A group of people riding horses .
Assignment_3/6640106/group22/images/0.jpg,A man doing a jump on a snowboard
Assignment_3/6640106/group29/images/6.jpg,A brown dog with its front paws off the ground on a grassy surface near red and purple flowers .
Assignment_3/6640106/group29/images/7.jpg,A young dog walking through the snow in a tire track .
Assignment_3/6640106/group29/images/1.jpg,Two kids are riding camels nearby rural structures overlooked by mountains .
Assignment_3/6640106/group29/images/4.jpg,Three dogs are all tugging on the same toy as they stand behind a house .
Assignment_3/6640106/group29/images/5.jpg,"Five white and white and brown , muzzled dogs run across a green , grassy lawn ."
Assignment_3/6640106/group29/images/2.jpg,A woman stands with two young girls in dresses looking at bubbles .
Assignment_3/6640106/group29/images/3.jpg,A child in green shoes staring down a drain .
Assignment_3/6640106/group29/images/9.jpg,Blond girl paying with a hula hoop .
Assignment_3/6640106/group29/images/0.jpg,A brown dog carries an object in its mouth on a snowy hillside .
Assignment_3/6640106/group29/images/8.jpg,Special Olympics woman runner on the track .
Assignment_3/6640106/group26/images/2.jpg,Someone is walking through the snow with snow covered mountains behind them .
Assignment_3/6640106/group26/images/1.jpg,Two dogs attempt to get a small ball .
Assignment_3/6640106/group26/images/0.jpg,"There are several asian people , one wearing a baseball cap ."
Assignment_3/6640106/group26/images/9.jpg,A little girl with arms outstretched is posing at the beach .
Assignment_3/6640106/group26/images/7.jpg,A guy in black jacket eating .
Assignment_3/6640106/group26/images/6.jpg,Two dogs chase a third dog with a toy .
Assignment_3/6640106/group26/images/1.jpg,A white and tan dog leaps through the air .
Assignment_3/6640106/group26/images/4.jpg,Woman throws little boy into pool as another boy watches .
Assignment_3/6640106/group26/images/3.jpg,sveral young boys climbing out of the water on a concrete sidewalk
Assignment_3/6640106/group26/images/8.jpg,"A woman in a white baseball hat reveals her tan line to her friend , who wears a sun hat"
Assignment_3/6640106/group1/images/0.jpg,A skier is falling down a snowy mountain .
Assignment_3/6640106/group1/images/3.jpg,A smaller black dog fighting with a larger brown dog in a forest .
Assignment_3/6640106/group1/images/9.jpg,Two people with bicycle helmets chatting on a bench .
Assignment_3/6640106/group1/images/5.jpg,A blond boy with a rubber innertube over his shoulder .
Assignment_3/6640106/group1/images/6.jpg,A black dog is standing with his legs spread wide apart on some sand
Assignment_3/6640106/group1/images/1.jpg,Two dogs run from the beach into the water .
Assignment_3/6640106/group1/images/8.jpg,A man on a bicycle in the city .
Assignment_3/6640106/group1/images/2.jpg,A cute couple at a club
Assignment_3/6640106/group1/images/4.jpg,Two dogs run through the grass .
Assignment_3/6640106/group1/images/7.jpg,A woman in a blue shirt is running behind a black dog .
Assignment_3/6640106/group31/images/7.jpg,A man rows his boat while the sun sets .
Assignment_3/6640106/group31/images/0.jpg,a lone skateboarder skating down a rail near some stairs .
Assignment_3/6640106/group31/images/6.jpg,A small dog chewing on a black strap .
Assignment_3/6640106/group31/images/4.jpg,Two dogs are running through a green yard
Assignment_3/6640106/group31/images/8.jpg,A person on a boat in a canal .
Assignment_3/6640106/group31/images/1.jpg,These two girls in a booth are talking on cellphones .
Assignment_3/6640106/group31/images/2.jpg,A well-muscled dog retrieves an orange toy from the surf .
Assignment_3/6640106/group31/images/9.jpg,Two dogs holding one stick on a beach .
Assignment_3/6640106/group31/images/5.jpg,A man dressed in black rides a green bike .
Assignment_3/6640106/group31/images/3.jpg,"Two men in combat fatigues , one grabs the other 's foot on grass near parking lot ."
Assignment_3/6640106/group40/images/1.jpg,A man smiles and holds onto a rope on a boat .
Assignment_3/6640106/group40/images/0.jpg,A redheaded man smokes a cigarette while leaning his head forward .
Assignment_3/6640106/group40/images/5.jpg,A black and white dog swimming .
Assignment_3/6640106/group40/images/3.jpg,This man is doing a stunt on a skateboard outdoors .
Assignment_3/6640106/group40/images/2.jpg,People on the beach and a kite in the sky .
Assignment_3/6640106/group40/images/7.jpg,The man and woman sitting on a bench are kissing .
Assignment_3/6640106/group40/images/6.jpg,A group of spectators enjoying an event .
Assignment_3/6640106/group40/images/4.jpg,Small boy holding is arm out to balance himself while he goes down the fairground slide .
Assignment_3/6640106/group40/images/9.jpg,A young boy wearing Mr. Potato Head teeth and glasses .
Assignment_3/6640106/group40/images/8.jpg,"A guy in a costume , a crowd watching him ."
Assignment_3/6640106/group46/images/8.jpg,Street with many white tents with display table with people walking nearby .
Assignment_3/6640106/group46/images/2.jpg,a lone bicyclist jumping on his bike in front of a graffitied wall .
Assignment_3/6640106/group46/images/3.jpg,Rider making high jump on motorcycle .
Assignment_3/6640106/group46/images/5.jpg,Two girls playing in mud in a small pool .
Assignment_3/6640106/group46/images/9.jpg,"Girl with black paint under her eyes walking , girl in foreground of photo ."
Assignment_3/6640106/group46/images/6.jpg,A girl trying to hit a ball in the air with a tennis racket on the tennis court .
Assignment_3/6640106/group46/images/7.jpg,A child in a white shirt and jeans .
Assignment_3/6640106/group46/images/0.jpg,A dog runs down a ramp past its trainer .
Assignment_3/6640106/group46/images/4.jpg,A white and a black dog fighting in a fenced in room .
Assignment_3/6640106/group46/images/1.jpg,A wet black dog is running away from another black dog .
Assignment_3/6640106/group6/images/7.jpg,a black dog runs through the dry grass .
Assignment_3/6640106/group6/images/0.jpg,There is an old woman in front of a window .
Assignment_3/6640106/group6/images/9.jpg,Two women with their heads covered crossing the road in front of buses .
Assignment_3/6640106/group6/images/8.jpg,A chicken and a white dog in the mulch .
Assignment_3/6640106/group6/images/5.jpg,The dogs play in the snow .
Assignment_3/6640106/group6/images/3.jpg,A woman in a bikini sits in shallow water with a man sitting next to her .
Assignment_3/6640106/group6/images/4.jpg,The woman in the white hat and blue shorts is jogging in the bicycle lane on a mountain road .
Assignment_3/6640106/group6/images/1.jpg,A dog is running through a creek with a stick in its mouth .
Assignment_3/6640106/group6/images/6.jpg,Two men lift a brown dog up so it can grab a large blue rope hanging down a black wall .
Assignment_3/6640106/group6/images/2.jpg,The man in the black hat is sitting on the floor beside the green door .
Assignment_3/6640106/group34/images/1.jpg,A boy on a bicycle rides the ledge of water fountain while another boy is in the fountain .
Assignment_3/6640106/group34/images/2.jpg,a view of some large snowcapped mountains
Assignment_3/6640106/group34/images/6.jpg,Three dogs running in a field of grass .
Assignment_3/6640106/group34/images/9.jpg,View through an alley of pedestrians passing by .
Assignment_3/6640106/group34/images/5.jpg,A stadium full of people watch a game .
Assignment_3/6640106/group34/images/7.jpg,Three people are wading in shallow water near a stone path and spraying fountains .
Assignment_3/6640106/group34/images/4.jpg,A man and woman standing by a blue double door with fish and they are pretending to be swimming .
Assignment_3/6640106/group34/images/8.jpg,A man in a white t-shirt watching a dog do a back flip
Assignment_3/6640106/group34/images/0.jpg,A group of speed skaters making a turn with a blue advertisement behind them .
Assignment_3/6640106/group34/images/3.jpg,A skateboarder jumping on a graffiti-covered ramp .
Assignment_3/6640106/group42/images/8.jpg,"Many people are walking down a road in both directions , some are wearing turbans"
Assignment_3/6640106/group42/images/2.jpg,"A little girl in a yellow outfit sitting in a blue , yellow and red swing ."
Assignment_3/6640106/group42/images/0.jpg,Dog jumping to catch a soccer ball .
Assignment_3/6640106/group42/images/3.jpg,A woman standing next to a man who is sitting on a rock .
Assignment_3/6640106/group42/images/4.jpg,A person dressed in a blue hooded cloak with several people in the background .
Assignment_3/6640106/group42/images/7.jpg,two Asian women walking in front of a green door
Assignment_3/6640106/group42/images/9.jpg,Group of people on a brick plaza .
Assignment_3/6640106/group42/images/5.jpg,A man parasurfs in the ocean
Assignment_3/6640106/group42/images/6.jpg,A bicycle stunt jump is being perforced in a city .
Assignment_3/6640106/group42/images/1.jpg,A person in white jumps a brown horse over the gate .
Assignment_3/6640106/group45/images/0.jpg,A man is looking into the distance whilst people behind him walk between buildings .
Assignment_3/6640106/group45/images/5.jpg,A dog with a ball that is running in a field .
Assignment_3/6640106/group45/images/7.jpg,A person in a hooded sweatshirt is doing a bicycle trick off of a wall .
Assignment_3/6640106/group45/images/8.jpg,"A blue uniformed rollerskater is struggling for the lead against a long-haired , tattooed and red uniformed rollerskater ."
Assignment_3/6640106/group45/images/4.jpg,A woman is watching the tide .
Assignment_3/6640106/group45/images/2.jpg,Three young boys play outside .
Assignment_3/6640106/group45/images/9.jpg,A dog and cow standing at a fence .
Assignment_3/6640106/group45/images/3.jpg,The little boy is jumping into a puddle on the street .
Assignment_3/6640106/group45/images/1.jpg,Little boy with green shirt and brown jacket is throwing orange fall leaves .
Assignment_3/6640106/group45/images/6.jpg,A black dog makes a huge splash for a red ball .
Assignment_3/6640106/group13/images/6.jpg,A child with a pink headband and blue shirt smiling .
Assignment_3/6640106/group13/images/8.jpg,The man sitting at the table is posing for a picture .
Assignment_3/6640106/group13/images/3.jpg,a dog running in a park with a rubber chicken in its mouth .
Assignment_3/6640106/group13/images/7.jpg,A dog is jumping down the stairs .
Assignment_3/6640106/group13/images/0.jpg,Two men are standing on a path in front of a white building .
Assignment_3/6640106/group13/images/4.jpg,Dog and bird together in water .
Assignment_3/6640106/group13/images/2.jpg,A brown and white dog is licking a dog that looks very similar .
Assignment_3/6640106/group13/images/5.jpg,A black dog and a brown and white dog running in the grass .
Assignment_3/6640106/group13/images/9.jpg,Children climb a tree .
Assignment_3/6640106/group13/images/1.jpg,Basketball players shoot for a goal during a game .
Assignment_3/6640106/group14/images/7.jpg,The dog tries to bite a big blue ball .
Assignment_3/6640106/group14/images/2.jpg,A man with a yellow and green shirt is standing in front of a crowd of people .
Assignment_3/6640106/group14/images/1.jpg,One girl sitting down reading and another girl standing in front of her .
Assignment_3/6640106/group14/images/5.jpg,A girl is swinging and looking down with her hair flying .
Assignment_3/6640106/group14/images/4.jpg,A person cycling through snowy mountains .
Assignment_3/6640106/group14/images/8.jpg,Group of men sitting and standing in an art gallery .
Assignment_3/6640106/group14/images/3.jpg,A young boy riding in a green boat .
Assignment_3/6640106/group14/images/9.jpg,A person posing on a mountaintop .
Assignment_3/6640106/group14/images/0.jpg,A man with a white guitar plays with another in a striped shirt .
Assignment_3/6640106/group14/images/6.jpg,A man wearing shorts is standing near explosive special effects .
Assignment_3/6640106/group24/images/7.jpg,A child is riding on a man 's back .
Assignment_3/6640106/group24/images/8.jpg,Three people at with their backs to the camera at an internet bar .
Assignment_3/6640106/group24/images/1.jpg,Two girls dressed in blue with a crowd in the background .
Assignment_3/6640106/group24/images/2.jpg,A female in blue jean shorts and a black top sitting in a wicker chair .
Assignment_3/6640106/group24/images/9.jpg,A wooly dog on a beach looks toward another dog in the water .
Assignment_3/6640106/group24/images/3.jpg,a girl wearing a british flag decorated hat sitting on the concrete
Assignment_3/6640106/group24/images/4.jpg,A surfer catching a big wave in the ocean .
Assignment_3/6640106/group24/images/0.jpg,A boy carries a huge snake around his neck outside .
Assignment_3/6640106/group24/images/5.jpg,A baseball player throws the ball .
Assignment_3/6640106/group24/images/6.jpg,A child supports a toddler underwater in a pool .
Assignment_3/6640106/group4/images/2.jpg,The boy is skateboarding .
Assignment_3/6640106/group4/images/6.jpg,two players run for the soccer ball .
Assignment_3/6640106/group4/images/4.jpg,The mans shirt is orange and has a United States flag patch on the shoulder .
Assignment_3/6640106/group4/images/3.jpg,A man in blue pants is jumping while band plays music .
Assignment_3/6640106/group4/images/8.jpg,Two guys sit by some flowers and water .
Assignment_3/6640106/group4/images/5.jpg,Black dog running through grass with something orange in its mouth
Assignment_3/6640106/group4/images/7.jpg,Two cars race down a track .
Assignment_3/6640106/group4/images/0.jpg,A boy stands overlooking a schoolyard where other children play .
Assignment_3/6640106/group4/images/3.jpg,A man is setting up a camera on a tripod while a woman stands in the background .
Assignment_3/6640106/group4/images/9.jpg,A black dog running on a beach .
Assignment_3/6640106/group48/images/6.jpg,People wearing costumes wait in a room .
Assignment_3/6640106/group48/images/4.jpg,Skiiers moving along a trail .
Assignment_3/6640106/group48/images/8.jpg,A skier
Assignment_3/6640106/group48/images/3.jpg,A child plays on the ground in a pile of leaves .
Assignment_3/6640106/group48/images/0.jpg,two children watch as a dog runs through a blue fenced course towards a person holding a scanner and microphone .
Assignment_3/6640106/group48/images/5.jpg,Little boy standing on the bank of a river .
Assignment_3/6640106/group48/images/1.jpg,A young child riding on a plastic yellow car
Assignment_3/6640106/group48/images/9.jpg,Two children are playing ice hockey on frozen ground outside .
Assignment_3/6640106/group48/images/7.jpg,The collared dog is jumping into the air .
Assignment_3/6640106/group48/images/2.jpg,a brown dog at the edge of a body of water surrounded by snow .
Assignment_3/6640106/group27/images/7.jpg,A man and a girl sit on the ground and eat .
Assignment_3/6640106/group27/images/6.jpg,A girl in the water soaking up the sun .
Assignment_3/6640106/group27/images/8.jpg,Several people are standing on a sidewalk near a man leaning against a pole .
Assignment_3/6640106/group27/images/4.jpg,A little girl wearing a blue dress stands in front of the mirror to do her makeup .
Assignment_3/6640106/group27/images/2.jpg,A man surfing a wave .
Assignment_3/6640106/group27/images/5.jpg,A yellow parasail is in the air .
Assignment_3/6640106/group27/images/1.jpg,Rocky mountains .
Assignment_3/6640106/group27/images/0.jpg,A man sits on a couch outside under an overpass .
Assignment_3/6640106/group27/images/9.jpg,"A bridge through high green plants , a man and a woman on it ."
Assignment_3/6640106/group27/images/3.jpg,Two large dogs are playing together in a yard with a tall fence .
Assignment_3/6640106/group37/images/2.jpg,A child in a blue jacket going down a hill on a sled .
Assignment_3/6640106/group37/images/8.jpg,Two dogs are running and barking at each other .
Assignment_3/6640106/group37/images/1.jpg,Two little girls in red and black costumes are posing for a picture .
Assignment_3/6640106/group37/images/0.jpg,A boy in a t-shirt and shorts is holding a snowball and facing a snowy mountain .
Assignment_3/6640106/group37/images/3.jpg,An Asian teenage boy in a pink and black jacket walks with a teenage girl in a brown jacket .
Assignment_3/6640106/group37/images/4.jpg,The brown dog is running along a grassy pathway .
Assignment_3/6640106/group37/images/6.jpg,Ice hockey players are sitting on the sidelines .
Assignment_3/6640106/group37/images/9.jpg,A man without a shirt playing tennis .
Assignment_3/6640106/group37/images/5.jpg,A woman writing while standing by men .
Assignment_3/6640106/group37/images/7.jpg,This woman is wearing a white t-shirt and holding a cup .
Assignment_3/6640106/group11/images/6.jpg,A man tries to catch a football on grass surrounded by American flags .
Assignment_3/6640106/group11/images/2.jpg,A woman in a skimpy bathing suit walks away .
Assignment_3/6640106/group11/images/0.jpg,two people wearing skis on chairlift
Assignment_3/6640106/group11/images/9.jpg,Two people are dressed in animal costumes and are walking down a street .
Assignment_3/6640106/group11/images/3.jpg,A young child is holding onto the back of a wicker chair .
Assignment_3/6640106/group11/images/4.jpg,A runner is sliding into home while the cathcer covers the plate in a softball game .
Assignment_3/6640106/group11/images/5.jpg,A woman holds a baby while a man looks at it as another man holding a child watches .
Assignment_3/6640106/group11/images/7.jpg,A small boy wearing glasses stands on a rope and holds two ropes with his hands .
Assignment_3/6640106/group11/images/8.jpg,A man and a girl stand in front of a large crowd .
Assignment_3/6640106/group11/images/1.jpg,a yellow firetruck is parked next to a fire with a man on a ladder pouring water on it
Assignment_3/6640106/group5/images/3.jpg,Child in blue trunks splashing in blue kiddie pool
Assignment_3/6640106/group5/images/6.jpg,A black dog walking beside a pool .
Assignment_3/6640106/group5/images/7.jpg,A kid playing outside with a wagon .
Assignment_3/6640106/group5/images/1.jpg,A group of men in a blue raft doing whitewater rafting .
Assignment_3/6640106/group5/images/5.jpg,Two girls are performing tricks on a trampoline .
Assignment_3/6640106/group5/images/8.jpg,A group of musicians are recording music .
Assignment_3/6640106/group5/images/4.jpg,"people playing , basketball ball in air"
Assignment_3/6640106/group5/images/0.jpg,A man in American flag shorts holds a white cube at the entrance of a marble building .
Assignment_3/6640106/group5/images/9.jpg,A black dog running towards a camera .
Assignment_3/6640106/group5/images/2.jpg,a vase of red roses with a man cutting hair in the background .
